{"num_bins": 100, "bin_size": 17.579999999999927, "bins": [-1190.0, -1172.42, -1154.84, -1137.26, -1119.68, -1102.1, -1084.52, -1066.94, -1049.3600000000001, -1031.78, -1014.2, -996.62, -979.04, -961.46, -943.88, -926.3, -908.72, -891.1400000000001, -873.5600000000001, -855.98, -838.4000000000001, -820.82, -803.24, -785.6600000000001, -768.08, -750.5, -732.9200000000001, -715.34, -697.76, -680.1800000000001, -662.6, -645.0200000000001, -627.44, -609.86, -592.2800000000001, -574.7, -557.1200000000001, -539.5400000000001, -521.96, -504.3800000000001, -486.80000000000007, -469.22, -451.6400000000001, -434.06000000000006, -416.48, -398.9000000000001, -381.32000000000005, -363.7400000000001, -346.1600000000001, -328.58000000000004, -311.0000000000001, -293.4200000000001, -275.84000000000015, -258.2600000000001, -240.68000000000006, -223.10000000000014, -205.5200000000001, -187.94000000000005, -170.36000000000013, -152.7800000000002, -135.20000000000005, -117.62000000000012, -100.04000000000019, -82.46000000000004, -64.88000000000011, -47.30000000000018, -29.720000000000027, -12.1400000000001, 5.439999999999827, 23.019999999999982, 40.59999999999991, 58.179999999999836, 75.75999999999976, 93.33999999999992, 110.91999999999985, 128.49999999999977, 146.07999999999993, 163.65999999999985, 181.23999999999978, 198.81999999999994, 216.39999999999986, 233.9799999999998, 251.55999999999995, 269.1399999999999, 286.7199999999998, 304.29999999999995, 321.8799999999999, 339.4599999999998, 357.03999999999996, 374.6199999999999, 392.1999999999998, 409.77999999999975, 427.3599999999999, 444.9399999999998, 462.51999999999975, 480.0999999999999, 497.67999999999984, 515.2599999999998, 532.8399999999999, 550.4199999999998, 568.0], "hist_values": [1.0, 1.0, 0.0, 0.0, 0.0, 1.0, 0.0, 0.0, 0.0, 0.0, 0.0, 1.0, 0.0, 0.0, 0.0, 0.0, 0.0, 0.0, 0.0, 0.0, 0.0, 0.0, 0.0, 0.0, 0.0, 0.0, 0.0, 0.0, 0.0, 0.0, 0.0, 0.0, 0.0, 0.0, 0.0, 0.0, 0.0, 1.0, 1.0, 0.0, 0.0, 1.0, 1.0, 0.0, 3.0, 1.0, 0.0, 2.0, 1.0, 1.0, 1.0, 4.0, 3.0, 4.0, 5.0, 2.0, 4.0, 6.0, 11.0, 19.0, 44.0, 44.0, 39.0, 76.0, 100.0, 139.0, 178.0, 743.0, 899.0, 1759.0, 3454.0, 3887.0, 3397.0, 2097.0, 1302.0, 686.0, 324.0, 194.0, 97.0, 62.0, 40.0, 24.0, 13.0, 10.0, 9.0, 2.0, 2.0, 4.0, 2.0, 1.0, 1.0, 1.0, 5.0, 0.0, 3.0, 0.0, 0.0, 0.0, 0.0, 1.0]}