{"num_bins": 100, "bin_size": 17.269999999999982, "bins": [-1071.0, -1053.73, -1036.46, -1019.19, -1001.92, -984.65, -967.38, -950.11, -932.84, -915.5699999999999, -898.3, -881.03, -863.76, -846.49, -829.22, -811.95, -794.6800000000001, -777.4100000000001, -760.14, -742.87, -725.6, -708.3299999999999, -691.06, -673.79, -656.52, -639.25, -621.98, -604.71, -587.44, -570.1700000000001, -552.9, -535.63, -518.36, -501.09000000000003, -483.82000000000005, -466.55000000000007, -449.28, -432.01, -414.74, -397.47, -380.20000000000005, -362.93000000000006, -345.65999999999997, -328.39, -311.12, -293.85, -276.58000000000004, -259.31000000000006, -242.03999999999996, -224.76999999999998, -207.5, -190.23000000000002, -172.96000000000004, -155.69000000000005, -138.42000000000007, -121.14999999999998, -103.88, -86.61000000000001, -69.34000000000003, -52.07000000000005, -34.799999999999955, -17.529999999999973, -0.2599999999999909, 17.00999999999999, 34.27999999999997, 51.549999999999955, 68.81999999999994, 86.08999999999992, 103.3599999999999, 120.62999999999988, 137.89999999999986, 155.17000000000007, 172.44000000000005, 189.71000000000004, 206.98000000000002, 224.25, 241.51999999999998, 258.78999999999996, 276.05999999999995, 293.3299999999999, 310.5999999999999, 327.8699999999999, 345.1399999999999, 362.40999999999985, 379.68000000000006, 396.95000000000005, 414.22, 431.49, 448.76, 466.03, 483.29999999999995, 500.56999999999994, 517.8399999999999, 535.1099999999999, 552.3799999999999, 569.6499999999999, 586.9200000000001, 604.19, 621.46, 638.73, 656.0], "hist_values": [1.0, 0.0, 0.0, 0.0, 1.0, 0.0, 0.0, 0.0, 0.0, 0.0, 0.0, 0.0, 0.0, 1.0, 0.0, 1.0, 0.0, 0.0, 0.0, 0.0, 0.0, 0.0, 0.0, 0.0, 0.0, 0.0, 0.0, 1.0, 0.0, 0.0, 0.0, 0.0, 0.0, 0.0, 0.0, 0.0, 1.0, 0.0, 1.0, 1.0, 0.0, 0.0, 0.0, 0.0, 1.0, 1.0, 2.0, 0.0, 0.0, 0.0, 1.0, 1.0, 1.0, 1.0, 0.0, 2.0, 2.0, 3.0, 7.0, 12.0, 24.0, 22.0, 610.0, 1221.0, 2252.0, 3563.0, 4057.0, 3020.0, 2154.0, 1236.0, 719.0, 315.0, 210.0, 98.0, 62.0, 39.0, 18.0, 20.0, 9.0, 7.0, 3.0, 1.0, 2.0, 0.0, 2.0, 0.0, 2.0, 6.0, 0.0, 1.0, 0.0, 1.0, 0.0, 0.0, 0.0, 0.0, 0.0, 0.0, 0.0, 1.0]}