{"num_bins": 1000, "bin_size": 11.036, "bins": [0.0, 11.036, 22.072, 33.108, 44.144, 55.18, 66.216, 77.252, 88.288, 99.324, 110.36, 121.396, 132.432, 143.468, 154.504, 165.54, 176.576, 187.612, 198.648, 209.684, 220.72, 231.756, 242.792, 253.828, 264.864, 275.9, 286.936, 297.972, 309.008, 320.044, 331.08, 342.116, 353.152, 364.188, 375.224, 386.26, 397.296, 408.332, 419.368, 430.404, 441.44, 452.476, 463.512, 474.548, 485.584, 496.62, 507.656, 518.692, 529.728, 540.764, 551.8, 562.836, 573.872, 584.908, 595.944, 606.98, 618.016, 629.052, 640.088, 651.124, 662.16, 673.196, 684.232, 695.268, 706.304, 717.3399999999999, 728.376, 739.4119999999999, 750.448, 761.4839999999999, 772.52, 783.5559999999999, 794.592, 805.6279999999999, 816.664, 827.6999999999999, 838.736, 849.7719999999999, 860.808, 871.8439999999999, 882.88, 893.9159999999999, 904.952, 915.9879999999999, 927.024, 938.06, 949.096, 960.132, 971.168, 982.204, 993.24, 1004.276, 1015.312, 1026.348, 1037.384, 1048.42, 1059.456, 1070.492, 1081.528, 1092.5639999999999, 1103.6, 1114.636, 1125.672, 1136.7079999999999, 1147.744, 1158.78, 1169.816, 1180.8519999999999, 1191.888, 1202.924, 1213.96, 1224.9959999999999, 1236.032, 1247.068, 1258.104, 1269.1399999999999, 1280.176, 1291.212, 1302.248, 1313.2839999999999, 1324.32, 1335.356, 1346.392, 1357.4279999999999, 1368.464, 1379.5, 1390.536, 1401.572, 1412.608, 1423.644, 1434.6799999999998, 1445.716, 1456.752, 1467.788, 1478.8239999999998, 1489.86, 1500.896, 1511.932, 1522.9679999999998, 1534.004, 1545.04, 1556.076, 1567.1119999999999, 1578.148, 1589.184, 1600.22, 1611.2559999999999, 1622.292, 1633.328, 1644.364, 1655.3999999999999, 1666.436, 1677.472, 1688.508, 1699.5439999999999, 1710.58, 1721.616, 1732.652, 1743.6879999999999, 1754.724, 1765.76, 1776.7959999999998, 1787.8319999999999, 1798.868, 1809.904, 1820.9399999999998, 1831.9759999999999, 1843.012, 1854.048, 1865.0839999999998, 1876.12, 1887.156, 1898.192, 1909.2279999999998, 1920.264, 1931.3, 1942.336, 1953.3719999999998, 1964.408, 1975.444, 1986.48, 1997.5159999999998, 2008.552, 2019.588, 2030.624, 2041.6599999999999, 2052.696, 2063.732, 2074.768, 2085.804, 2096.84, 2107.8759999999997, 2118.912, 2129.948, 2140.984, 2152.02, 2163.056, 2174.092, 2185.1279999999997, 2196.1639999999998, 2207.2, 2218.236, 2229.272, 2240.308, 2251.344, 2262.38, 2273.4159999999997, 2284.4519999999998, 2295.488, 2306.524, 2317.56, 2328.596, 2339.632, 2350.668, 2361.7039999999997, 2372.74, 2383.776, 2394.812, 2405.848, 2416.884, 2427.92, 2438.956, 2449.9919999999997, 2461.028, 2472.064, 2483.1, 2494.136, 2505.172, 2516.208, 2527.2439999999997, 2538.2799999999997, 2549.316, 2560.352, 2571.388, 2582.424, 2593.46, 2604.496, 2615.5319999999997, 2626.5679999999998, 2637.604, 2648.64, 2659.676, 2670.712, 2681.748, 2692.784, 2703.8199999999997, 2714.8559999999998, 2725.892, 2736.928, 2747.964, 2759.0, 2770.036, 2781.072, 2792.1079999999997, 2803.144, 2814.18, 2825.216, 2836.252, 2847.288, 2858.324, 2869.3599999999997, 2880.3959999999997, 2891.432, 2902.468, 2913.504, 2924.54, 2935.576, 2946.612, 2957.6479999999997, 2968.6839999999997, 2979.72, 2990.756, 3001.792, 3012.828, 3023.864, 3034.9, 3045.9359999999997, 3056.9719999999998, 3068.008, 3079.044, 3090.08, 3101.116, 3112.152, 3123.188, 3134.2239999999997, 3145.2599999999998, 3156.296, 3167.332, 3178.368, 3189.404, 3200.44, 3211.4759999999997, 3222.5119999999997, 3233.548, 3244.584, 3255.62, 3266.656, 3277.692, 3288.728, 3299.7639999999997, 3310.7999999999997, 3321.836, 3332.872, 3343.908, 3354.944, 3365.98, 3377.016, 3388.0519999999997, 3399.0879999999997, 3410.124, 3421.16, 3432.196, 3443.232, 3454.268, 3465.304, 3476.3399999999997, 3487.3759999999997, 3498.412, 3509.448, 3520.484, 3531.52, 3542.556, 3553.5919999999996, 3564.6279999999997, 3575.6639999999998, 3586.7, 3597.736, 3608.772, 3619.808, 3630.844, 3641.8799999999997, 3652.9159999999997, 3663.9519999999998, 3674.988, 3686.024, 3697.06, 3708.096, 3719.132, 3730.1679999999997, 3741.2039999999997, 3752.24, 3763.276, 3774.312, 3785.348, 3796.384, 3807.42, 3818.4559999999997, 3829.4919999999997, 3840.528, 3851.564, 3862.6, 3873.636, 3884.672, 3895.7079999999996, 3906.7439999999997, 3917.7799999999997, 3928.816, 3939.852, 3950.888, 3961.924, 3972.96, 3983.9959999999996, 3995.0319999999997, 4006.0679999999998, 4017.104, 4028.14, 4039.176, 4050.212, 4061.248, 4072.2839999999997, 4083.3199999999997, 4094.3559999999998, 4105.392, 4116.428, 4127.464, 4138.5, 4149.536, 4160.572, 4171.608, 4182.644, 4193.68, 4204.715999999999, 4215.7519999999995, 4226.788, 4237.824, 4248.86, 4259.896, 4270.932, 4281.968, 4293.004, 4304.04, 4315.076, 4326.112, 4337.148, 4348.184, 4359.22, 4370.255999999999, 4381.2919999999995, 4392.3279999999995, 4403.364, 4414.4, 4425.436, 4436.472, 4447.508, 4458.544, 4469.58, 4480.616, 4491.652, 4502.688, 4513.724, 4524.76, 4535.796, 4546.831999999999, 4557.8679999999995, 4568.9039999999995, 4579.94, 4590.976, 4602.012, 4613.048, 4624.084, 4635.12, 4646.156, 4657.192, 4668.228, 4679.264, 4690.3, 4701.336, 4712.371999999999, 4723.407999999999, 4734.4439999999995, 4745.48, 4756.516, 4767.552, 4778.588, 4789.624, 4800.66, 4811.696, 4822.732, 4833.768, 4844.804, 4855.84, 4866.876, 4877.912, 4888.947999999999, 4899.9839999999995, 4911.0199999999995, 4922.056, 4933.092, 4944.128, 4955.164, 4966.2, 4977.236, 4988.272, 4999.308, 5010.344, 5021.38, 5032.416, 5043.452, 5054.487999999999, 5065.523999999999, 5076.5599999999995, 5087.596, 5098.632, 5109.668, 5120.704, 5131.74, 5142.776, 5153.812, 5164.848, 5175.884, 5186.92, 5197.956, 5208.992, 5220.028, 5231.063999999999, 5242.099999999999, 5253.1359999999995, 5264.172, 5275.208, 5286.244, 5297.28, 5308.316, 5319.352, 5330.388, 5341.424, 5352.46, 5363.496, 5374.532, 5385.568, 5396.603999999999, 5407.639999999999, 5418.6759999999995, 5429.7119999999995, 5440.748, 5451.784, 5462.82, 5473.856, 5484.892, 5495.928, 5506.964, 5518.0, 5529.036, 5540.072, 5551.108, 5562.144, 5573.179999999999, 5584.215999999999, 5595.2519999999995, 5606.288, 5617.324, 5628.36, 5639.396, 5650.432, 5661.468, 5672.504, 5683.54, 5694.576, 5705.612, 5716.648, 5727.684, 5738.719999999999, 5749.755999999999, 5760.7919999999995, 5771.8279999999995, 5782.864, 5793.9, 5804.936, 5815.972, 5827.008, 5838.044, 5849.08, 5860.116, 5871.152, 5882.188, 5893.224, 5904.26, 5915.295999999999, 5926.331999999999, 5937.3679999999995, 5948.4039999999995, 5959.44, 5970.476, 5981.512, 5992.548, 6003.584, 6014.62, 6025.656, 6036.692, 6047.728, 6058.764, 6069.8, 6080.835999999999, 6091.871999999999, 6102.907999999999, 6113.9439999999995, 6124.98, 6136.016, 6147.052, 6158.088, 6169.124, 6180.16, 6191.196, 6202.232, 6213.268, 6224.304, 6235.34, 6246.376, 6257.411999999999, 6268.447999999999, 6279.4839999999995, 6290.5199999999995, 6301.556, 6312.592, 6323.628, 6334.664, 6345.7, 6356.736, 6367.772, 6378.808, 6389.844, 6400.88, 6411.916, 6422.951999999999, 6433.987999999999, 6445.023999999999, 6456.0599999999995, 6467.096, 6478.132, 6489.168, 6500.204, 6511.24, 6522.276, 6533.312, 6544.348, 6555.384, 6566.42, 6577.456, 6588.492, 6599.527999999999, 6610.563999999999, 6621.599999999999, 6632.6359999999995, 6643.672, 6654.708, 6665.744, 6676.78, 6687.816, 6698.852, 6709.888, 6720.924, 6731.96, 6742.996, 6754.032, 6765.067999999999, 6776.103999999999, 6787.139999999999, 6798.1759999999995, 6809.2119999999995, 6820.248, 6831.284, 6842.32, 6853.356, 6864.392, 6875.428, 6886.464, 6897.5, 6908.536, 6919.572, 6930.608, 6941.643999999999, 6952.679999999999, 6963.715999999999, 6974.7519999999995, 6985.788, 6996.824, 7007.86, 7018.896, 7029.932, 7040.968, 7052.004, 7063.04, 7074.076, 7085.112, 7096.148, 7107.183999999999, 7118.219999999999, 7129.255999999999, 7140.2919999999995, 7151.3279999999995, 7162.364, 7173.4, 7184.436, 7195.472, 7206.508, 7217.544, 7228.58, 7239.616, 7250.652, 7261.688, 7272.724, 7283.759999999999, 7294.795999999999, 7305.831999999999, 7316.8679999999995, 7327.9039999999995, 7338.94, 7349.976, 7361.012, 7372.048, 