{"num_bins": 100, "bin_size": 209.19, "bins": [0.0, 209.19, 418.38, 627.5699999999999, 836.76, 1045.95, 1255.1399999999999, 1464.33, 1673.52, 1882.71, 2091.9, 2301.09, 2510.2799999999997, 2719.47, 2928.66, 3137.85, 3347.04, 3556.23, 3765.42, 3974.61, 4183.8, 4392.99, 4602.18, 4811.37, 5020.5599999999995, 5229.75, 5438.94, 5648.13, 5857.32, 6066.51, 6275.7, 6484.89, 6694.08, 6903.2699999999995, 7112.46, 7321.65, 7530.84, 7740.03, 7949.22, 8158.41, 8367.6, 8576.789999999999, 8785.98, 8995.17, 9204.36, 9413.55, 9622.74, 9831.93, 10041.119999999999, 10250.31, 10459.5, 10668.69, 10877.88, 11087.07, 11296.26, 11505.45, 11714.64, 11923.83, 12133.02, 12342.21, 12551.4, 12760.59, 12969.78, 13178.97, 13388.16, 13597.35, 13806.539999999999, 14015.73, 14224.92, 14434.11, 14643.3, 14852.49, 15061.68, 15270.869999999999, 15480.06, 15689.25, 15898.44, 16107.63, 16316.82, 16526.01, 16735.2, 16944.39, 17153.579999999998, 17362.77, 17571.96, 17781.15, 17990.34, 18199.53, 18408.72, 18617.91, 18827.1, 19036.29, 19245.48, 19454.67, 19663.86, 19873.05, 20082.239999999998, 20291.43, 20500.62, 20709.81, 20919.0], "hist_values": [17543.0, 729.0, 366.0, 175.0, 155.0, 127.0, 112.0, 81.0, 108.0, 51.0, 53.0, 56.0, 55.0, 30.0, 48.0, 30.0, 39.0, 38.0, 15.0, 12.0, 18.0, 14.0, 13.0, 17.0, 13.0, 9.0, 8.0, 7.0, 6.0, 5.0, 6.0, 3.0, 2.0, 3.0, 4.0, 2.0, 10.0, 2.0, 2.0, 8.0, 3.0, 0.0, 2.0, 1.0, 1.0, 3.0, 7.0, 1.0, 3.0, 0.0, 2.0, 1.0, 0.0, 1.0, 3.0, 1.0, 0.0, 0.0, 0.0, 0.0, 0.0, 0.0, 1.0, 0.0, 0.0, 1.0, 0.0, 0.0, 1.0, 0.0, 0.0, 0.0, 0.0, 0.0, 0.0, 0.0, 0.0, 1.0, 0.0, 1.0, 0.0, 0.0, 0.0, 0.0, 0.0, 0.0, 1.0, 0.0, 0.0, 0.0, 0.0, 0.0, 0.0, 0.0, 0.0, 0.0, 1.0, 0.0, 0.0, 1.0]}