{"num_bins": 100, "bin_size": 4967.53, "bins": [0.0, 4967.53, 9935.06, 14902.59, 19870.12, 24837.649999999998, 29805.18, 34772.71, 39740.24, 44707.77, 49675.299999999996, 54642.829999999994, 59610.36, 64577.89, 69545.42, 74512.95, 79480.48, 84448.01, 89415.54, 94383.06999999999, 99350.59999999999, 104318.12999999999, 109285.65999999999, 114253.18999999999, 119220.72, 124188.25, 129155.78, 134123.31, 139090.84, 144058.37, 149025.9, 153993.43, 158960.96, 163928.49, 168896.02, 173863.55, 178831.08, 183798.61, 188766.13999999998, 193733.66999999998, 198701.19999999998, 203668.72999999998, 208636.25999999998, 213603.78999999998, 218571.31999999998, 223538.84999999998, 228506.37999999998, 233473.90999999997, 238441.44, 243408.97, 248376.5, 253344.03, 258311.56, 263279.08999999997, 268246.62, 273214.14999999997, 278181.68, 283149.20999999996, 288116.74, 293084.26999999996, 298051.8, 303019.32999999996, 307986.86, 312954.38999999996, 317921.92, 322889.45, 327856.98, 332824.51, 337792.04, 342759.57, 347727.1, 352694.63, 357662.16, 362629.69, 367597.22, 372564.75, 377532.27999999997, 382499.81, 387467.33999999997, 392434.87, 397402.39999999997, 402369.93, 407337.45999999996, 412304.99, 417272.51999999996, 422240.05, 427207.57999999996, 432175.11, 437142.63999999996, 442110.17, 447077.69999999995, 452045.23, 457012.75999999995, 461980.29, 466947.81999999995, 471915.35, 476882.88, 481850.41, 486817.94, 491785.47, 496753.0], "hist_values": [7349.0, 4440.0, 2328.0, 1813.0, 883.0, 643.0, 528.0, 375.0, 301.0, 241.0, 169.0, 143.0, 121.0, 69.0, 55.0, 48.0, 66.0, 56.0, 50.0, 42.0, 39.0, 38.0, 20.0, 14.0, 18.0, 15.0, 17.0, 9.0, 9.0, 11.0, 9.0, 11.0, 10.0, 14.0, 2.0, 6.0, 5.0, 1.0, 1.0, 3.0, 3.0, 5.0, 1.0, 2.0, 3.0, 0.0, 2.0, 1.0, 0.0, 0.0, 2.0, 1.0, 1.0, 1.0, 0.0, 2.0, 4.0, 1.0, 0.0, 2.0, 0.0, 0.0, 0.0, 1.0, 0.0, 1.0, 0.0, 0.0, 1.0, 1.0, 0.0, 0.0, 0.0, 0.0, 0.0, 1.0, 0.0, 0.0, 1.0, 0.0, 0.0, 1.0, 0.0, 0.0, 1.0, 0.0, 0.0, 0.0, 0.0, 0.0, 0.0, 0.0, 0.0, 0.0, 0.0, 0.0, 0.0, 0.0, 0.0, 1.0]}