{"num_bins": 100, "bin_size": 19.10312375527134, "bins": [0.0, 19.10312375527134, 38.20624751054268, 57.30937126581402, 76.41249502108536, 95.5156187763567, 114.61874253162804, 133.7218662868994, 152.82499004217073, 171.92811379744205, 191.0312375527134, 210.13436130798476, 229.2374850632561, 248.34060881852741, 267.4437325737988, 286.5468563290701, 305.64998008434145, 324.7531038396128, 343.8562275948841, 362.9593513501555, 382.0624751054268, 401.16559886069814, 420.2687226159695, 439.37184637124085, 458.4749701265122, 477.5780938817835, 496.68121763705483, 515.7843413923262, 534.8874651475976, 553.9905889028689, 573.0937126581402, 592.1968364134116, 611.2999601686829, 630.4030839239542, 649.5062076792256, 668.6093314344969, 687.7124551897682, 706.8155789450396, 725.918702700311, 745.0218264555823, 764.1249502108536, 783.228073966125, 802.3311977213963, 821.4343214766676, 840.537445231939, 859.6405689872104, 878.7436927424817, 897.846816497753, 916.9499402530244, 936.0530640082957, 955.156187763567, 974.2593115188383, 993.3624352741097, 1012.4655590293811, 1031.5686827846523, 1050.6718065399236, 1069.7749302951952, 1088.8780540504665, 1107.9811778057378, 1127.0843015610092, 1146.1874253162805, 1165.2905490715518, 1184.3936728268231, 1203.4967965820945, 1222.5999203373658, 1241.7030440926371, 1260.8061678479085, 1279.9092916031798, 1299.012415358451, 1318.1155391137224, 1337.2186628689938, 1356.321786624265, 1375.4249103795364, 1394.528034134808, 1413.6311578900793, 1432.7342816453506, 1451.837405400622, 1470.9405291558933, 1490.0436529111646, 1509.146776666436, 1528.2499004217073, 1547.3530241769786, 1566.45614793225, 1585.5592716875212, 1604.6623954427926, 1623.7655191980639, 1642.8686429533352, 1661.9717667086065, 1681.074890463878, 1700.1780142191494, 1719.2811379744207, 1738.384261729692, 1757.4873854849634, 1776.5905092402347, 1795.693632995506, 1814.7967567507774, 1833.8998805060487, 1853.00300426132, 1872.1061280165914, 1891.2092517718627, 1910.3123755271342], "hist_values": [1116.0, 4470.0, 3877.0, 2825.0, 1960.0, 1297.0, 851.0, 673.0, 473.0, 347.0, 335.0, 206.0, 175.0, 163.0, 130.0, 83.0, 101.0, 76.0, 65.0, 61.0, 52.0, 42.0, 14.0, 20.0, 22.0, 26.0, 12.0, 13.0, 14.0, 11.0, 17.0, 3.0, 9.0, 12.0, 15.0, 10.0, 5.0, 10.0, 11.0, 0.0, 5.0, 2.0, 4.0, 3.0, 2.0, 5.0, 10.0, 1.0, 1.0, 0.0, 0.0, 0.0, 0.0, 4.0, 1.0, 0.0, 3.0, 0.0, 0.0, 1.0, 0.0, 0.0, 1.0, 0.0, 4.0, 0.0, 0.0, 0.0, 0.0, 2.0, 1.0, 1.0, 9.0, 1.0, 1.0, 0.0, 0.0, 2.0, 0.0, 1.0, 0.0, 0.0, 0.0, 0.0, 0.0, 0.0, 0.0, 0.0, 0.0, 0.0, 0.0, 0.0, 0.0, 0.0, 2.0, 2.0, 1.0, 0.0, 0.0, 1.0]}