{"num_bins": 100, "bin_size": 19.845195582144925, "bins": [-1090.025756193185, -1070.1805606110402, -1050.3353650288952, -1030.4901694467503, -1010.6449738646054, -990.7997782824605, -970.9545827003155, -951.1093871181706, -931.2641915360257, -911.4189959538808, -891.5738003717358, -871.728604789591, -851.8834092074461, -832.0382136253012, -812.1930180431563, -792.3478224610113, -772.5026268788664, -752.6574312967215, -732.8122357145766, -712.9670401324316, -693.1218445502867, -673.2766489681419, -653.431453385997, -633.586257803852, -613.7410622217071, -593.8958666395622, -574.0506710574173, -554.2054754752724, -534.3602798931274, -514.5150843109825, -494.6698887288376, -474.82469314669265, -454.9794975645477, -435.1343019824028, -415.2891064002579, -395.44391081811295, -375.59871523596803, -355.7535196538231, -335.9083240716782, -316.06312848953326, -296.21793290738833, -276.3727373252435, -256.5275417430986, -236.68234616095367, -216.83715057880875, -196.99195499666382, -177.1467594145189, -157.30156383237397, -137.45636825022905, -117.61117266808412, -97.7659770859392, -77.92078150379427, -58.07558592164946, -38.23039033950454, -18.385194757359614, 1.4600008247853111, 21.305196406930236, 41.15039198907516, 60.995587571220085, 80.84078315336501, 100.68597873550993, 120.53117431765486, 140.37636989979978, 160.2215654819447, 180.06676106408963, 199.91195664623456, 219.75715222837948, 239.6023478105244, 259.44754339266933, 279.29273897481426, 299.1379345569592, 318.9831301391041, 338.82832572124903, 358.67352130339395, 378.5187168855389, 398.3639124676838, 418.2091080498287, 438.05430363197365, 457.8994992141186, 477.7446947962635, 497.5898903784084, 517.4350859605531, 537.280281542698, 557.125477124843, 576.9706727069879, 596.8158682891328, 616.6610638712777, 636.5062594534227, 656.3514550355676, 676.1966506177125, 696.0418461998574, 715.8870417820024, 735.7322373641473, 755.5774329462922, 775.4226285284371, 795.2678241105821, 815.113019692727, 834.9582152748719, 854.8034108570168, 874.6486064391618, 894.4938020213067], "hist_values": [1.0, 0.0, 0.0, 0.0, 0.0, 1.0, 0.0, 0.0, 0.0, 0.0, 0.0, 1.0, 0.0, 0.0, 0.0, 0.0, 0.0, 0.0, 1.0, 0.0, 0.0, 0.0, 0.0, 0.0, 0.0, 0.0, 0.0, 1.0, 1.0, 2.0, 1.0, 0.0, 1.0, 0.0, 0.0, 0.0, 0.0, 1.0, 1.0, 2.0, 0.0, 1.0, 5.0, 6.0, 1.0, 3.0, 9.0, 11.0, 17.0, 24.0, 60.0, 61.0, 97.0, 140.0, 241.0, 472.0, 894.0, 1946.0, 3696.0, 4128.0, 3291.0, 1990.0, 1232.0, 587.0, 320.0, 156.0, 119.0, 60.0, 37.0, 24.0, 17.0, 12.0, 4.0, 5.0, 7.0, 13.0, 3.0, 2.0, 4.0, 2.0, 0.0, 0.0, 2.0, 0.0, 0.0, 0.0, 0.0, 0.0, 0.0, 0.0, 0.0, 0.0, 0.0, 0.0, 0.0, 0.0, 0.0, 0.0, 0.0, 1.0]}