{"num_bins": 1000, "bin_size": 672.09, "bins": [26.0, 698.09, 1370.18, 2042.27, 2714.36, 3386.4500000000003, 4058.54, 4730.63, 5402.72, 6074.81, 6746.900000000001, 7418.990000000001, 8091.08, 8763.17, 9435.26, 10107.35, 10779.44, 11451.53, 12123.62, 12795.710000000001, 13467.800000000001, 14139.890000000001, 14811.980000000001, 15484.070000000002, 16156.16, 16828.25, 17500.34, 18172.43, 18844.52, 19516.61, 20188.7, 20860.79, 21532.88, 22204.97, 22877.06, 23549.15, 24221.24, 24893.33, 25565.420000000002, 26237.510000000002, 26909.600000000002, 27581.690000000002, 28253.780000000002, 28925.870000000003, 29597.960000000003, 30270.050000000003, 30942.140000000003, 31614.230000000003, 32286.32, 32958.41, 33630.5, 34302.590000000004, 34974.68, 35646.770000000004, 36318.86, 36990.950000000004, 37663.04, 38335.130000000005, 39007.22, 39679.310000000005, 40351.4, 41023.490000000005, 41695.58, 42367.670000000006, 43039.76, 43711.85, 44383.94, 45056.03, 45728.12, 46400.21, 47072.3, 47744.39, 48416.48, 49088.57, 49760.66, 50432.75, 51104.840000000004, 51776.93, 52449.020000000004, 53121.11, 53793.200000000004, 54465.29, 55137.380000000005, 55809.47, 56481.560000000005, 57153.65, 57825.740000000005, 58497.83, 59169.920000000006, 59842.01, 60514.100000000006, 61186.19, 61858.280000000006, 62530.37, 63202.46000000001, 63874.55, 64546.64, 65218.73, 65890.82, 66562.91, 67235.0, 67907.09, 68579.18000000001, 69251.27, 69923.36, 70595.45, 71267.54000000001, 71939.63, 72611.72, 73283.81, 73955.90000000001, 74627.99, 75300.08, 75972.17, 76644.26000000001, 77316.35, 77988.44, 78660.53, 79332.62000000001, 80004.71, 80676.8, 81348.89, 82020.98000000001, 82693.07, 83365.16, 84037.25, 84709.34000000001, 85381.43000000001, 86053.52, 86725.61, 87397.7, 88069.79000000001, 88741.88, 89413.97, 90086.06, 90758.15000000001, 91430.24, 92102.33, 92774.42, 93446.51000000001, 94118.6, 94790.69, 95462.78, 96134.87000000001, 96806.96, 97479.05, 98151.14, 98823.23000000001, 99495.32, 100167.41, 100839.5, 101511.59000000001, 102183.68000000001, 102855.77, 103527.86, 104199.95000000001, 104872.04000000001, 105544.13, 106216.22, 106888.31000000001, 107560.40000000001, 108232.49, 108904.58, 109576.67, 110248.76000000001, 110920.85, 111592.94, 112265.03, 112937.12000000001, 113609.21, 114281.3, 114953.39, 115625.48000000001, 116297.57, 116969.66, 117641.75, 118313.84000000001, 118985.93000000001, 119658.02, 120330.11, 121002.20000000001, 121674.29000000001, 122346.38, 123018.47, 123690.56000000001, 124362.65000000001, 125034.74, 125706.83, 126378.92000000001, 127051.01000000001, 127723.1, 128395.19, 129067.28, 129739.37000000001, 130411.46, 131083.55, 131755.64, 132427.73, 133099.82, 133771.91, 134444.0, 135116.09, 135788.18, 136460.27000000002, 137132.36000000002, 137804.45, 138476.54, 139148.63, 139820.72, 140492.81, 141164.9, 141836.99000000002, 142509.08000000002, 143181.17, 143853.26, 144525.35, 145197.44, 145869.53, 146541.62, 147213.71000000002, 147885.80000000002, 148557.89, 149229.98, 149902.07, 150574.16, 151246.25, 151918.34, 152590.43, 153262.52000000002, 153934.61000000002, 154606.7, 155278.79, 155950.88, 156622.97, 157295.06, 157967.15, 158639.24000000002, 159311.33000000002, 159983.42, 160655.51, 161327.6, 161999.69, 162671.78, 163343.87, 164015.96000000002, 164688.05000000002, 165360.14, 166032.23, 166704.32, 167376.41, 168048.5, 168720.59, 169392.68000000002, 170064.77000000002, 170736.86000000002, 171408.95, 172081.04, 172753.13, 173425.22, 174097.31, 174769.4, 175441.49000000002, 176113.58000000002, 176785.67, 177457.76, 178129.85, 178801.94, 179474.03, 180146.12, 180818.21000000002, 181490.30000000002, 182162.39, 182834.48, 183506.57, 184178.66, 184850.75, 185522.84, 186194.93000000002, 186867.02000000002, 187539.11000000002, 188211.2, 188883.29, 189555.38, 190227.47, 190899.56, 191571.65000000002, 192243.74000000002, 192915.83000000002, 193587.92, 194260.01, 194932.1, 195604.19, 196276.28, 196948.37, 197620.46000000002, 198292.55000000002, 198964.64, 199636.73, 200308.82, 200980.91, 201653.0, 202325.09, 202997.18000000002, 203669.27000000002, 204341.36000000002, 205013.45, 205685.54, 206357.63, 207029.72, 207701.81, 208373.90000000002, 209045.99000000002, 209718.08000000002, 210390.17, 211062.26, 211734.35, 212406.44, 213078.53, 213750.62000000002, 214422.71000000002, 215094.80000000002, 215766.89, 216438.98, 217111.07, 217783.16, 218455.25, 219127.34, 219799.43000000002, 220471.52000000002, 221143.61000000002, 221815.7, 222487.79, 223159.88, 223831.97, 224504.06, 225176.15000000002, 225848.24000000002, 226520.33000000002, 227192.42, 227864.51, 228536.6, 229208.69, 229880.78, 230552.87000000002, 231224.96000000002, 231897.05000000002, 232569.14, 233241.23, 233913.32, 234585.41, 235257.5, 235929.59000000003, 236601.68000000002, 237273.77000000002, 237945.86000000002, 238617.95, 239290.04, 239962.13, 240634.22, 241306.31, 241978.40000000002, 242650.49000000002, 243322.58000000002, 243994.67, 244666.76, 245338.85, 246010.94, 246683.03, 247355.12000000002, 248027.21000000002, 248699.30000000002, 249371.39, 250043.48, 250715.57, 251387.66, 252059.75, 252731.84000000003, 253403.93000000002, 254076.02000000002, 254748.11000000002, 255420.2, 256092.29, 256764.38, 257436.47, 258108.56, 258780.65000000002, 259452.74000000002, 260124.83000000002, 260796.92, 261469.01, 262141.1, 262813.19, 263485.28, 264157.37, 264829.46, 265501.55, 266173.64, 266845.73000000004, 267517.82, 268189.91000000003, 268862.0, 269534.09, 270206.18, 270878.27, 271550.36, 272222.45, 272894.54000000004, 273566.63, 274238.72000000003, 274910.81, 275582.9, 276254.99, 276927.08, 277599.17000000004, 278271.26, 278943.35000000003, 279615.44, 280287.53, 280959.62, 281631.71, 282303.8, 282975.89, 283647.98000000004, 284320.07, 284992.16000000003, 285664.25, 286336.34, 287008.43, 287680.52, 288352.61, 289024.7, 289696.79000000004, 290368.88, 291040.97000000003, 291713.06, 292385.15, 293057.24, 293729.33, 294401.42000000004, 295073.51, 295745.60000000003, 296417.69, 297089.78, 297761.87, 298433.96, 299106.05, 299778.14, 300450.23000000004, 301122.32, 301794.41000000003, 302466.5, 303138.59, 303810.68, 304482.77, 305154.86, 305826.95, 306499.04000000004, 307171.13, 307843.22000000003, 308515.31, 309187.4, 309859.49, 310531.58, 311203.67000000004, 311875.76, 312547.85000000003, 313219.94, 313892.03, 314564.12, 315236.21, 315908.3, 316580.39, 317252.48000000004, 317924.57, 318596.66000000003, 319268.75, 319940.84, 320612.93, 321285.02, 321957.11000000004, 322629.2, 323301.29000000004, 323973.38, 324645.47000000003, 325317.56, 325989.65, 326661.74, 327333.83, 328005.92000000004, 328678.01, 329350.10000000003, 330022.19, 330694.28, 331366.37, 332038.46, 332710.55, 333382.64, 334054.73000000004, 334726.82, 335398.91000000003, 336071.0, 336743.09, 337415.18, 338087.27, 338759.36000000004, 339431.45, 340103.54000000004, 340775.63, 341447.72000000003, 342119.81, 342791.9, 343463.99, 344136.08, 344808.17000000004, 345480.26, 346152.35000000003, 346824.44, 347496.53, 348168.62, 348840.71, 349512.8, 350184.89, 350856.98000000004, 351529.07, 352201.16000000003, 352873.25, 353545.34, 354217.43, 354889.52, 355561.61000000004, 356233.7, 356905.79000000004, 357577.88, 358249.97000000003, 358922.06, 359594.15, 360266.24, 360938.33, 361610.42000000004, 362282.51, 362954.60000000003, 363626.69, 364298.78, 364970.87, 365642.96, 366315.05, 366987.14, 367659.23000000004, 368331.32, 369003.41000000003, 369675.5, 370347.59, 371019.68, 371691.77, 372363.86000000004, 373035.95, 373708.04000000004, 374380.13, 375052.22000000003, 375724.31, 376396.4, 377068.49, 377740.58, 378412.67000000004, 379084.76, 379756.85000000003, 380428.94, 381101.03, 381773.12, 382445.21, 383117.30000000005, 383789.39, 384461.48000000004, 385133.57, 385805.66000000003, 386477.75, 387149.84, 387821.93, 388494.02, 389166.11000000004, 389838.2, 390510.29000000004, 391182.38, 391854.47000000003, 392526.56, 393198.65, 393870.74, 394542.83, 395214.92000000004, 395887.01, 