{"num_bins": 100, "bin_size": 16.366114469022136, "bins": [-963.623139450426, -947.2570249814039, -930.8909105123819, -914.5247960433597, -898.1586815743377, -881.7925671053156, -865.4264526362936, -849.0603381672714, -832.6942236982494, -816.3281092292273, -799.9619947602052, -783.5958802911831, -767.229765822161, -750.863651353139, -734.4975368841169, -718.1314224150948, -701.7653079460727, -685.3991934770506, -669.0330790080286, -652.6669645390065, -636.3008500699843, -619.9347356009623, -603.5686211319403, -587.2025066629182, -570.836392193896, -554.470277724874, -538.1041632558519, -521.7380487868297, -505.3719343178077, -489.0058198487856, -472.63970537976354, -456.27359091074146, -439.9074764417194, -423.54136197269725, -407.1752475036752, -390.8091330346531, -374.44301856563106, -358.0769040966089, -341.7107896275869, -325.34467515856477, -308.97856068954275, -292.6124462205206, -276.2463317514986, -259.88021728247645, -243.51410281345443, -227.1479883444323, -210.78187387541027, -194.41575940638813, -178.049644937366, -161.68353046834397, -145.31741599932184, -128.95130153029982, -112.58518706127768, -96.21907259225566, -79.85295812323352, -63.4868436542115, -47.12072918518936, -30.75461471616734, -14.388500247145203, 1.97761422187682, 18.343728690898956, 34.70984315992098, 51.075957628943115, 67.44207209796525, 83.80818656698727, 100.1743010360093, 116.54041550503155, 132.90652997405357, 149.2726444430756, 165.63875891209761, 182.00487338111986, 198.3709878501419, 214.7371023191639, 231.10321678818593, 247.46933125720818, 263.8354457262302, 280.2015601952522, 296.56767466427425, 312.9337891332965, 329.2999036023185, 345.66601807134055, 362.0321325403628, 378.3982470093848, 394.76436147840684, 411.13047594742886, 427.4965904164511, 443.86270488547314, 460.22881935449516, 476.5949338235172, 492.96104829253943, 509.32716276156145, 525.6932772305835, 542.0593916996055, 558.4255061686277, 574.7916206376498, 591.1577351066718, 607.523849575694, 623.8899640447161, 640.2560785137381, 656.6221929827601, 672.9883074517821], "hist_values": [1.0, 0.0, 0.0, 0.0, 0.0, 0.0, 1.0, 1.0, 0.0, 1.0, 0.0, 0.0, 0.0, 0.0, 0.0, 0.0, 0.0, 0.0, 0.0, 0.0, 0.0, 0.0, 0.0, 0.0, 0.0, 0.0, 0.0, 0.0, 0.0, 2.0, 1.0, 1.0, 0.0, 1.0, 0.0, 0.0, 0.0, 1.0, 0.0, 2.0, 0.0, 0.0, 0.0, 1.0, 1.0, 0.0, 2.0, 1.0, 1.0, 1.0, 3.0, 4.0, 2.0, 5.0, 6.0, 12.0, 20.0, 29.0, 64.0, 149.0, 385.0, 870.0, 1742.0, 2816.0, 3499.0, 3185.0, 2492.0, 1705.0, 1142.0, 591.0, 362.0, 214.0, 122.0, 92.0, 57.0, 31.0, 25.0, 18.0, 17.0, 8.0, 1.0, 1.0, 5.0, 7.0, 6.0, 3.0, 2.0, 2.0, 1.0, 1.0, 0.0, 0.0, 0.0, 0.0, 1.0, 0.0, 0.0, 0.0, 0.0, 1.0]}