{"num_bins": 100, "bin_size": 5058.1, "bins": [0.0, 5058.1, 10116.2, 15174.300000000001, 20232.4, 25290.5, 30348.600000000002, 35406.700000000004, 40464.8, 45522.9, 50581.0, 55639.100000000006, 60697.200000000004, 65755.3, 70813.40000000001, 75871.5, 80929.6, 85987.70000000001, 91045.8, 96103.90000000001, 101162.0, 106220.1, 111278.20000000001, 116336.3, 121394.40000000001, 126452.50000000001, 131510.6, 136568.7, 141626.80000000002, 146684.90000000002, 151743.0, 156801.1, 161859.2, 166917.30000000002, 171975.40000000002, 177033.5, 182091.6, 187149.7, 192207.80000000002, 197265.90000000002, 202324.0, 207382.1, 212440.2, 217498.30000000002, 222556.40000000002, 227614.50000000003, 232672.6, 237730.7, 242788.80000000002, 247846.90000000002, 252905.00000000003, 257963.1, 263021.2, 268079.30000000005, 273137.4, 278195.5, 283253.60000000003, 288311.7, 293369.80000000005, 298427.9, 303486.0, 308544.10000000003, 313602.2, 318660.30000000005, 323718.4, 328776.5, 333834.60000000003, 338892.7, 343950.80000000005, 349008.9, 354067.0, 359125.10000000003, 364183.2, 369241.30000000005, 374299.4, 379357.5, 384415.60000000003, 389473.7, 394531.80000000005, 399589.9, 404648.0, 409706.10000000003, 414764.2, 419822.30000000005, 424880.4, 429938.50000000006, 434996.60000000003, 440054.7, 445112.80000000005, 450170.9, 455229.00000000006, 460287.10000000003, 465345.2, 470403.30000000005, 475461.4, 480519.50000000006, 485577.60000000003, 490635.7, 495693.80000000005, 500751.9, 505810.0], "hist_values": [8013.0, 4362.0, 2296.0, 1644.0, 830.0, 633.0, 455.0, 360.0, 244.0, 212.0, 182.0, 121.0, 81.0, 57.0, 48.0, 60.0, 53.0, 47.0, 44.0, 49.0, 32.0, 24.0, 8.0, 13.0, 14.0, 11.0, 14.0, 14.0, 10.0, 9.0, 7.0, 11.0, 5.0, 4.0, 3.0, 2.0, 4.0, 5.0, 0.0, 1.0, 5.0, 2.0, 2.0, 0.0, 1.0, 1.0, 1.0, 0.0, 2.0, 0.0, 0.0, 2.0, 0.0, 2.0, 3.0, 2.0, 1.0, 1.0, 1.0, 1.0, 0.0, 0.0, 0.0, 0.0, 0.0, 0.0, 0.0, 0.0, 0.0, 1.0, 0.0, 0.0, 1.0, 0.0, 0.0, 0.0, 0.0, 0.0, 0.0, 0.0, 0.0, 0.0, 0.0, 0.0, 0.0, 0.0, 0.0, 0.0, 0.0, 0.0, 0.0, 0.0, 0.0, 0.0, 0.0, 0.0, 0.0, 0.0, 0.0, 1.0]}