{"num_bins": 100, "bin_size": 18.33915521045749, "bins": [0.0, 18.33915521045749, 36.67831042091498, 55.017465631372474, 73.35662084182997, 91.69577605228746, 110.03493126274495, 128.37408647320245, 146.71324168365993, 165.0523968941174, 183.3915521045749, 201.73070731503242, 220.0698625254899, 238.40901773594737, 256.7481729464049, 275.0873281568624, 293.42648336731986, 311.76563857777734, 330.1047937882348, 348.44394899869235, 366.7831042091498, 385.1222594196073, 403.46141463006484, 421.8005698405223, 440.1397250509798, 458.47888026143727, 476.81803547189475, 495.1571906823523, 513.4963458928098, 531.8355011032672, 550.1746563137248, 568.5138115241822, 586.8529667346397, 605.1921219450973, 623.5312771555547, 641.8704323660122, 660.2095875764696, 678.5487427869272, 696.8878979973847, 715.2270532078421, 733.5662084182997, 751.9053636287572, 770.2445188392146, 788.5836740496721, 806.9228292601297, 825.2619844705871, 843.6011396810446, 861.940294891502, 880.2794501019596, 898.6186053124171, 916.9577605228745, 935.2969157333321, 953.6360709437895, 971.975226154247, 990.3143813647046, 1008.653536575162, 1026.9926917856196, 1045.331846996077, 1063.6710022065345, 1082.010157416992, 1100.3493126274495, 1118.688467837907, 1137.0276230483644, 1155.366778258822, 1173.7059334692794, 1192.0450886797369, 1210.3842438901945, 1228.723399100652, 1247.0625543111094, 1265.401709521567, 1283.7408647320244, 1302.0800199424818, 1320.4191751529393, 1338.758330363397, 1357.0974855738543, 1375.4366407843117, 1393.7757959947694, 1412.1149512052268, 1430.4541064156842, 1448.7932616261419, 1467.1324168365993, 1485.4715720470567, 1503.8107272575144, 1522.1498824679718, 1540.4890376784292, 1558.8281928888869, 1577.1673480993443, 1595.5065033098017, 1613.8456585202593, 1632.1848137307168, 1650.5239689411742, 1668.8631241516316, 1687.2022793620893, 1705.5414345725467, 1723.880589783004, 1742.2197449934617, 1760.5589002039192, 1778.8980554143766, 1797.2372106248342, 1815.5763658352917, 1833.9155210457493], "hist_values": [988.0, 4279.0, 3903.0, 2873.0, 1993.0, 1349.0, 896.0, 679.0, 478.0, 372.0, 321.0, 247.0, 159.0, 183.0, 123.0, 110.0, 73.0, 89.0, 77.0, 59.0, 53.0, 51.0, 36.0, 14.0, 18.0, 21.0, 21.0, 16.0, 11.0, 17.0, 7.0, 14.0, 2.0, 10.0, 4.0, 17.0, 14.0, 4.0, 1.0, 19.0, 2.0, 3.0, 2.0, 2.0, 4.0, 3.0, 3.0, 6.0, 10.0, 0.0, 0.0, 0.0, 0.0, 0.0, 0.0, 4.0, 1.0, 0.0, 0.0, 3.0, 0.0, 0.0, 1.0, 0.0, 0.0, 1.0, 0.0, 4.0, 0.0, 0.0, 0.0, 0.0, 2.0, 0.0, 1.0, 10.0, 1.0, 1.0, 0.0, 0.0, 2.0, 0.0, 1.0, 0.0, 0.0, 0.0, 0.0, 0.0, 0.0, 0.0, 0.0, 0.0, 0.0, 0.0, 0.0, 1.0, 0.0, 0.0, 2.0, 3.0]}